request_id,event_timestamp,processing_timestamp,endpoint,attempt_number,status,latency_ms,total_latency_ms,found,visited_count,runtime_ms,error_message
0,2025-12-26T15:54:13.277271,2025-12-26T15:54:13.404301,localhost:50051,1,SUCCESS,126.02,126.02,False,0,0.00,
1,2025-12-26T15:54:13.405300,2025-12-26T15:54:13.496281,localhost:50052,1,SUCCESS,90.98,90.98,False,0,0.00,
2,2025-12-26T15:54:13.510652,2025-12-26T15:54:13.518298,localhost:50051,1,SUCCESS,7.65,7.65,False,0,0.00,
3,2025-12-26T15:54:13.620587,2025-12-26T15:54:13.627590,localhost:50052,1,SUCCESS,7.00,7.00,False,0,0.00,
4,2025-12-26T15:54:13.729855,2025-12-26T15:54:13.735856,localhost:50051,1,SUCCESS,6.00,6.00,False,0,0.00,
5,2025-12-26T15:54:13.840056,2025-12-26T15:54:13.849913,localhost:50052,1,SUCCESS,9.86,9.86,False,0,0.00,
6,2025-12-26T15:54:13.948175,2025-12-26T15:54:13.956133,localhost:50051,1,SUCCESS,7.96,7.96,False,0,0.00,
7,2025-12-26T15:54:14.056205,2025-12-26T15:54:14.066169,localhost:50052,1,SUCCESS,9.96,9.96,False,0,0.00,
8,2025-12-26T15:54:14.165780,2025-12-26T15:54:14.171743,localhost:50051,1,SUCCESS,5.96,5.96,False,0,0.00,
9,2025-12-26T15:54:14.274829,2025-12-26T15:54:14.282611,localhost:50052,1,SUCCESS,7.78,7.78,False,0,0.00,
10,2025-12-26T15:54:14.381960,2025-12-26T15:54:14.389988,localhost:50051,1,SUCCESS,8.03,8.03,False,0,0.00,
11,2025-12-26T15:54:14.493576,2025-12-26T15:54:14.498578,localhost:50052,1,SUCCESS,5.00,5.00,False,0,0.00,
12,2025-12-26T15:54:14.602191,2025-12-26T15:54:14.609249,localhost:50051,1,SUCCESS,7.06,7.06,False,0,0.00,
13,2025-12-26T15:54:14.709717,2025-12-26T15:54:14.718790,localhost:50052,1,SUCCESS,9.07,9.07,False,0,0.00,
14,2025-12-26T15:54:14.817291,2025-12-26T15:54:14.826091,localhost:50051,1,SUCCESS,8.80,8.80,False,0,0.00,
15,2025-12-26T15:54:14.926927,2025-12-26T15:54:14.932929,localhost:50052,1,SUCCESS,6.00,6.00,False,0,0.00,
16,2025-12-26T15:54:15.036361,2025-12-26T15:54:15.044380,localhost:50051,1,SUCCESS,8.02,8.02,False,0,0.00,
17,2025-12-26T15:54:15.144092,2025-12-26T15:54:15.153142,localhost:50052,1,SUCCESS,9.05,9.05,False,0,0.00,
18,2025-12-26T15:54:15.253523,2025-12-26T15:54:15.261525,localhost:50051,1,SUCCESS,8.00,8.00,False,0,0.00,
19,2025-12-26T15:54:15.361927,2025-12-26T15:54:15.369826,localhost:50052,1,SUCCESS,7.90,7.90,False,0,0.00,
20,2025-12-26T15:54:15.472421,2025-12-26T15:54:15.477405,localhost:50051,1,SUCCESS,4.98,4.98,False,0,0.00,
21,2025-12-26T15:54:15.582238,2025-12-26T15:54:15.588087,localhost:50052,1,SUCCESS,5.85,5.85,False,0,0.00,
22,2025-12-26T15:54:15.692312,2025-12-26T15:54:15.700163,localhost:50051,1,SUCCESS,7.85,7.85,False,0,0.00,
23,2025-12-26T15:54:15.800190,2025-12-26T15:54:15.808484,localhost:50052,1,SUCCESS,8.29,8.29,False,0,0.00,
24,2025-12-26T15:54:15.907629,2025-12-26T15:54:15.916771,localhost:50051,1,SUCCESS,9.14,9.14,False,0,0.00,
25,2025-12-26T15:54:16.016328,2025-12-26T15:54:16.024343,localhost:50052,1,SUCCESS,8.01,8.01,False,0,0.00,
26,2025-12-26T15:54:16.126561,2025-12-26T15:54:16.131575,localhost:50051,1,SUCCESS,5.01,5.01,False,0,0.00,
27,2025-12-26T15:54:16.237797,2025-12-26T15:54:16.242814,localhost:50052,1,SUCCESS,5.02,5.02,False,0,0.00,
28,2025-12-26T15:54:16.345552,2025-12-26T15:54:16.355430,localhost:50051,1,SUCCESS,9.88,9.88,False,0,0.00,
29,2025-12-26T15:54:16.454990,2025-12-26T15:54:16.459945,localhost:50052,1,SUCCESS,4.95,4.95,False,0,0.00,
30,2025-12-26T15:54:16.565148,2025-12-26T15:54:16.572161,localhost:50051,1,SUCCESS,7.01,7.01,False,0,0.00,
31,2025-12-26T15:54:16.674125,2025-12-26T15:54:16.682113,localhost:50052,1,SUCCESS,7.99,7.99,False,0,0.00,
32,2025-12-26T15:54:16.782602,2025-12-26T15:54:16.789589,localhost:50051,1,SUCCESS,6.99,6.99,False,0,0.00,
33,2025-12-26T15:54:16.892269,2025-12-26T15:54:16.897305,localhost:50052,1,SUCCESS,5.04,5.04,False,0,0.00,
34,2025-12-26T15:54:17.003155,2025-12-26T15:54:17.010546,localhost:50051,1,SUCCESS,7.39,7.39,False,0,0.00,
35,2025-12-26T15:54:17.112245,2025-12-26T15:54:17.120036,localhost:50052,1,SUCCESS,7.79,7.79,False,0,0.00,
36,2025-12-26T15:54:17.220425,2025-12-26T15:54:17.225897,localhost:50051,1,SUCCESS,5.47,5.47,False,0,0.00,
37,2025-12-26T15:54:17.328883,2025-12-26T15:54:17.333879,localhost:50052,1,SUCCESS,5.00,5.00,False,0,0.00,
38,2025-12-26T15:54:17.440353,2025-12-26T15:54:17.445351,localhost:50051,1,SUCCESS,5.00,5.00,False,0,0.00,
39,2025-12-26T15:54:17.551920,2025-12-26T15:54:17.561620,localhost:50052,1,SUCCESS,9.70,9.70,False,0,0.00,
40,2025-12-26T15:54:17.661724,2025-12-26T15:54:17.670613,localhost:50051,1,SUCCESS,8.89,8.89,False,0,0.00,
41,2025-12-26T15:54:17.770484,2025-12-26T15:54:17.778503,localhost:50052,1,SUCCESS,8.02,8.02,False,0,0.00,
42,2025-12-26T15:54:17.879471,2025-12-26T15:54:17.887332,localhost:50051,1,SUCCESS,7.86,7.86,False,0,0.00,
43,2025-12-26T15:54:17.990787,2025-12-26T15:54:17.995772,localhost:50052,1,SUCCESS,4.99,4.99,False,0,0.00,
44,2025-12-26T15:54:18.101379,2025-12-26T15:54:18.110340,localhost:50051,1,SUCCESS,8.96,8.96,False,0,0.00,
45,2025-12-26T15:54:18.210722,2025-12-26T15:54:18.218263,localhost:50052,1,SUCCESS,7.54,7.54,False,0,0.00,
46,2025-12-26T15:54:18.318055,2025-12-26T15:54:18.326857,localhost:50051,1,SUCCESS,8.80,8.80,False,0,0.00,
47,2025-12-26T15:54:18.429424,2025-12-26T15:54:18.434412,localhost:50052,1,SUCCESS,4.99,4.99,False,0,0.00,
48,2025-12-26T15:54:18.540983,2025-12-26T15:54:18.545985,localhost:50051,1,SUCCESS,5.00,5.00,False,0,0.00,
49,2025-12-26T15:54:18.648290,2025-12-26T15:54:18.655299,localhost:50052,1,SUCCESS,7.01,7.01,False,0,0.00,
50,2025-12-26T15:54:18.757980,2025-12-26T15:54:18.762883,localhost:50051,1,SUCCESS,4.90,4.90,False,0,0.00,
51,2025-12-26T15:54:18.868462,2025-12-26T15:54:18.876518,localhost:50052,1,SUCCESS,8.06,8.06,False,0,0.00,
52,2025-12-26T15:54:18.978614,2025-12-26T15:54:18.985612,localhost:50051,1,SUCCESS,7.00,7.00,False,0,0.00,
53,2025-12-26T15:54:19.087139,2025-12-26T15:54:19.094998,localhost:50052,1,SUCCESS,7.86,7.86,False,0,0.00,
54,2025-12-26T15:54:19.197069,2025-12-26T15:54:19.204666,localhost:50051,1,SUCCESS,7.60,7.60,False,0,0.00,
55,2025-12-26T15:54:19.307516,2025-12-26T15:54:19.315041,localhost:50052,1,SUCCESS,7.53,7.53,False,0,0.00,
56,2025-12-26T15:54:19.415229,2025-12-26T15:54:19.429239,localhost:50051,1,SUCCESS,14.01,14.01,False,0,0.00,
57,2025-12-26T15:54:19.523592,2025-12-26T15:54:19.529498,localhost:50052,1,SUCCESS,5.91,5.91,False,0,0.00,
58,2025-12-26T15:54:19.631206,2025-12-26T15:54:19.637101,localhost:50051,1,SUCCESS,5.89,5.89,False,0,0.00,
59,2025-12-26T15:54:19.739277,2025-12-26T15:54:19.744277,localhost:50052,1,SUCCESS,5.00,5.00,False,0,0.00,
60,2025-12-26T15:54:19.848180,2025-12-26T15:54:19.857088,localhost:50051,1,SUCCESS,8.91,8.91,False,0,0.00,
61,2025-12-26T15:54:19.956355,2025-12-26T15:54:19.963709,localhost:50052,1,SUCCESS,7.35,7.35,False,0,0.00,
62,2025-12-26T15:54:20.066521,2025-12-26T15:54:20.075602,localhost:50051,1,SUCCESS,9.08,9.08,False,0,0.00,
63,2025-12-26T15:54:20.175077,2025-12-26T15:54:20.184082,localhost:50052,1,SUCCESS,9.00,9.00,False,0,0.00,
64,2025-12-26T15:54:20.283377,2025-12-26T15:54:20.291284,localhost:50051,1,SUCCESS,7.91,7.91,False,0,0.00,
65,2025-12-26T15:54:20.391150,2025-12-26T15:54:20.400018,localhost:50052,1,SUCCESS,8.87,8.87,False,0,0.00,
66,2025-12-26T15:54:20.498536,2025-12-26T15:54:20.504543,localhost:50051,1,SUCCESS,6.01,6.01,False,0,0.00,
67,2025-12-26T15:54:20.610080,2025-12-26T15:54:20.615086,localhost:50052,1,SUCCESS,5.01,5.01,False,0,0.00,
68,2025-12-26T15:54:20.718445,2025-12-26T15:54:20.726513,localhost:50051,1,SUCCESS,8.07,8.07,False,0,0.00,
69,2025-12-26T15:54:20.827115,2025-12-26T15:54:20.835001,localhost:50052,1,SUCCESS,7.89,7.89,False,0,0.00,
70,2025-12-26T15:54:20.935992,2025-12-26T15:54:20.942993,localhost:50051,1,SUCCESS,7.00,7.00,False,0,0.00,
71,2025-12-26T15:54:21.046183,2025-12-26T15:54:21.052180,localhost:50052,1,SUCCESS,6.00,6.00,False,0,0.00,
72,2025-12-26T15:54:21.156490,2025-12-26T15:54:21.164482,localhost:50051,1,SUCCESS,7.99,7.99,False,0,0.00,
73,2025-12-26T15:54:21.265038,2025-12-26T15:54:21.274114,localhost:50052,1,SUCCESS,9.08,9.08,False,0,0.00,
74,2025-12-26T15:54:21.374038,2025-12-26T15:54:21.382039,localhost:50051,1,SUCCESS,8.00,8.00,False,0,0.00,
75,2025-12-26T15:54:21.481636,2025-12-26T15:54:21.489663,localhost:50052,1,SUCCESS,8.03,8.03,False,0,0.00,
76,2025-12-26T15:54:21.591657,2025-12-26T15:54:21.596658,localhost:50051,1,SUCCESS,5.00,5.00,False,0,0.00,
77,2025-12-26T15:54:21.702185,2025-12-26T15:54:21.707191,localhost:50052,1,SUCCESS,5.01,5.01,False,0,0.00,
78,2025-12-26T15:54:21.810808,2025-12-26T15:54:21.818878,localhost:50051,1,SUCCESS,8.07,8.07,False,0,0.00,
79,2025-12-26T15:54:21.920969,2025-12-26T15:54:21.925991,localhost:50052,1,SUCCESS,5.02,5.02,False,0,0.00,
80,2025-12-26T15:54:22.031571,2025-12-26T15:54:22.036557,localhost:50051,1,SUCCESS,4.99,4.99,False,0,0.00,
81,2025-12-26T15:54:22.140198,2025-12-26T15:54:22.148452,localhost:50052,1,SUCCESS,8.25,8.25,False,0,0.00,
82,2025-12-26T15:54:22.248476,2025-12-26T15:54:22.253341,localhost:50051,1,SUCCESS,4.86,4.86,False,0,0.00,
83,2025-12-26T15:54:22.359700,2025-12-26T15:54:22.365595,localhost:50052,1,SUCCESS,5.89,5.89,False,0,0.00,
84,2025-12-26T15:54:22.470124,2025-12-26T15:54:22.475093,localhost:50051,1,SUCCESS,4.97,4.97,False,0,0.00,
85,2025-12-26T15:54:22.577503,2025-12-26T15:54:22.585416,localhost:50052,1,SUCCESS,7.91,7.91,False,0,0.00,
86,2025-12-26T15:54:22.684967,2025-12-26T15:54:22.692863,localhost:50051,1,SUCCESS,7.90,7.90,False,0,0.00,
87,2025-12-26T15:54:22.795216,2025-12-26T15:54:22.803234,localhost:50052,1,SUCCESS,8.02,8.02,False,0,0.00,
88,2025-12-26T15:54:22.904851,2025-12-26T15:54:22.910900,localhost:50051,1,SUCCESS,6.05,6.05,False,0,0.00,
89,2025-12-26T15:54:23.014106,2025-12-26T15:54:23.023654,localhost:50052,1,SUCCESS,9.55,9.55,False,0,0.00,
90,2025-12-26T15:54:23.122796,2025-12-26T15:54:23.130015,localhost:50051,1,SUCCESS,7.22,7.22,False,0,0.00,
91,2025-12-26T15:54:23.231514,2025-12-26T15:54:23.240530,localhost:50052,1,SUCCESS,9.02,9.02,False,0,0.00,
92,2025-12-26T15:54:23.340160,2025-12-26T15:54:23.348946,localhost:50051,1,SUCCESS,8.79,8.79,False,0,0.00,
93,2025-12-26T15:54:23.449282,2025-12-26T15:54:23.457301,localhost:50052,1,SUCCESS,8.02,8.02,False,0,0.00,
94,2025-12-26T15:54:23.559049,2025-12-26T15:54:23.564054,localhost:50051,1,SUCCESS,5.00,5.00,False,0,0.00,
95,2025-12-26T15:54:23.668347,2025-12-26T15:54:23.675402,localhost:50052,1,SUCCESS,7.05,7.05,False,0,0.00,
96,2025-12-26T15:54:23.776275,2025-12-26T15:54:23.784176,localhost:50051,1,SUCCESS,7.90,7.90,False,0,0.00,
97,2025-12-26T15:54:23.885884,2025-12-26T15:54:23.893737,localhost:50052,1,SUCCESS,7.85,7.85,False,0,0.00,
98,2025-12-26T15:54:23.993844,2025-12-26T15:54:24.001911,localhost:50051,1,SUCCESS,8.07,8.07,False,0,0.00,
99,2025-12-26T15:54:24.102850,2025-12-26T15:54:24.110754,localhost:50052,1,SUCCESS,7.90,7.90,False,0,0.00,
100,2025-12-26T15:54:24.212453,2025-12-26T15:54:24.221326,localhost:50051,1,SUCCESS,8.87,8.87,False,0,0.00,
101,2025-12-26T15:54:24.322910,2025-12-26T15:54:24.327896,localhost:50052,1,SUCCESS,4.99,4.99,False,0,0.00,
102,2025-12-26T15:54:24.431675,2025-12-26T15:54:24.440710,localhost:50051,1,SUCCESS,9.03,9.03,False,0,0.00,
103,2025-12-26T15:54:24.539148,2025-12-26T15:54:24.547211,localhost:50052,1,SUCCESS,8.06,8.06,False,0,0.00,
104,2025-12-26T15:54:24.648633,2025-12-26T15:54:24.656485,localhost:50051,1,SUCCESS,7.85,7.85,False,0,0.00,
105,2025-12-26T15:54:24.758862,2025-12-26T15:54:24.766924,localhost:50052,1,SUCCESS,8.06,8.06,False,0,0.00,
106,2025-12-26T15:54:24.867266,2025-12-26T15:54:24.875172,localhost:50051,1,SUCCESS,7.91,7.91,False,0,0.00,
107,2025-12-26T15:54:24.978180,2025-12-26T15:54:24.987197,localhost:50052,1,SUCCESS,8.02,8.02,False,0,0.00,
108,2025-12-26T15:54:25.085967,2025-12-26T15:54:25.090966,localhost:50051,1,SUCCESS,5.00,5.00,False,0,0.00,
109,2025-12-26T15:54:25.195512,2025-12-26T15:54:25.200513,localhost:50052,1,SUCCESS,5.00,5.00,False,0,0.00,
110,2025-12-26T15:54:25.304155,2025-12-26T15:54:25.312087,localhost:50051,1,SUCCESS,7.93,7.93,False,0,0.00,
111,2025-12-26T15:54:25.413934,2025-12-26T15:54:25.422945,localhost:50052,1,SUCCESS,9.01,9.01,False,0,0.00,
112,2025-12-26T15:54:25.523060,2025-12-26T15:54:25.531012,localhost:50051,1,SUCCESS,7.95,7.95,False,0,0.00,
113,2025-12-26T15:54:25.631409,2025-12-26T15:54:25.641200,localhost:50052,1,SUCCESS,9.79,9.79,False,0,0.00,
114,2025-12-26T15:54:25.740108,2025-12-26T15:54:25.748914,localhost:50051,1,SUCCESS,8.81,8.81,False,0,0.00,
115,2025-12-26T15:54:25.848424,2025-12-26T15:54:25.857887,localhost:50052,1,SUCCESS,9.46,9.46,False,0,0.00,
116,2025-12-26T15:54:25.956818,2025-12-26T15:54:25.969778,localhost:50051,1,SUCCESS,12.96,12.96,False,0,0.00,
117,2025-12-26T15:54:26.066630,2025-12-26T15:54:26.071633,localhost:50052,1,SUCCESS,5.00,5.00,False,0,0.00,
118,2025-12-26T15:54:26.175144,2025-12-26T15:54:26.181144,localhost:50051,1,SUCCESS,6.00,6.00,False,0,0.00,
119,2025-12-26T15:54:26.283850,2025-12-26T15:54:26.292858,localhost:50052,1,SUCCESS,9.01,9.01,False,0,0.00,
120,2025-12-26T15:54:26.391019,2025-12-26T15:54:26.396022,localhost:50051,1,SUCCESS,5.00,5.00,False,0,0.00,
121,2025-12-26T15:54:26.500578,2025-12-26T15:54:26.505578,localhost:50052,1,SUCCESS,5.00,5.00,False,0,0.00,
122,2025-12-26T15:54:26.609338,2025-12-26T15:54:26.615356,localhost:50051,1,SUCCESS,6.02,6.02,False,0,0.00,
123,2025-12-26T15:54:26.719955,2025-12-26T15:54:26.724955,localhost:50052,1,SUCCESS,5.00,5.00,False,0,0.00,
124,2025-12-26T15:54:26.829815,2025-12-26T15:54:26.834817,localhost:50051,1,SUCCESS,5.00,5.00,False,0,0.00,
125,2025-12-26T15:54:26.939000,2025-12-26T15:54:26.945092,localhost:50052,1,SUCCESS,6.09,6.09,False,0,0.00,
126,2025-12-26T15:54:27.046719,2025-12-26T15:54:27.051717,localhost:50051,1,SUCCESS,5.00,5.00,False,0,0.00,
127,2025-12-26T15:54:27.155673,2025-12-26T15:54:27.160585,localhost:50052,1,SUCCESS,4.91,4.91,False,0,0.00,
128,2025-12-26T15:54:27.264766,2025-12-26T15:54:27.270727,localhost:50051,1,SUCCESS,5.96,5.96,False,0,0.00,
129,2025-12-26T15:54:27.375241,2025-12-26T15:54:27.380242,localhost:50052,1,SUCCESS,5.00,5.00,False,0,0.00,
130,2025-12-26T15:54:27.482828,2025-12-26T15:54:27.493818,localhost:50051,1,SUCCESS,10.99,10.99,False,0,0.00,
131,2025-12-26T15:54:27.592168,2025-12-26T15:54:27.597155,localhost:50052,1,SUCCESS,4.99,4.99,False,0,0.00,
132,2025-12-26T15:54:27.700875,2025-12-26T15:54:27.707859,localhost:50051,1,SUCCESS,6.98,6.98,False,0,0.00,
133,2025-12-26T15:54:27.810038,2025-12-26T15:54:27.817935,localhost:50052,1,SUCCESS,7.90,7.90,False,0,0.00,
134,2025-12-26T15:54:27.917990,2025-12-26T15:54:27.925872,localhost:50051,1,SUCCESS,7.88,7.88,False,0,0.00,
135,2025-12-26T15:54:28.028516,2025-12-26T15:54:28.033523,localhost:50052,1,SUCCESS,5.01,5.01,False,0,0.00,
136,2025-12-26T15:54:28.138779,2025-12-26T15:54:28.148059,localhost:50051,1,SUCCESS,9.28,9.28,False,0,0.00,
137,2025-12-26T15:54:28.247562,2025-12-26T15:54:28.253562,localhost:50052,1,SUCCESS,6.00,6.00,False,0,0.00,
138,2025-12-26T15:54:28.356339,2025-12-26T15:54:28.364341,localhost:50051,1,SUCCESS,8.00,8.00,False,0,0.00,
139,2025-12-26T15:54:28.464278,2025-12-26T15:54:28.472308,localhost:50052,1,SUCCESS,8.03,8.03,False,0,0.00,
140,2025-12-26T15:54:28.573332,2025-12-26T15:54:28.582275,localhost:50051,1,SUCCESS,8.94,8.94,False,0,0.00,
141,2025-12-26T15:54:28.682729,2025-12-26T15:54:28.688731,localhost:50052,1,SUCCESS,6.00,6.00,False,0,0.00,
142,2025-12-26T15:54:28.793285,2025-12-26T15:54:28.799301,localhost:50051,1,SUCCESS,6.02,6.02,False,0,0.00,
143,2025-12-26T15:54:28.903284,2025-12-26T15:54:28.909204,localhost:50052,1,SUCCESS,5.92,5.92,False,0,0.00,
144,2025-12-26T15:54:29.010567,2025-12-26T15:54:29.019437,localhost:50051,1,SUCCESS,8.87,8.87,False,0,0.00,
145,2025-12-26T15:54:29.118983,2025-12-26T15:54:29.123980,localhost:50052,1,SUCCESS,5.00,5.00,False,0,0.00,
146,2025-12-26T15:54:29.228417,2025-12-26T15:54:29.236509,localhost:50051,1,SUCCESS,8.09,8.09,False,0,0.00,
147,2025-12-26T15:54:29.336408,2025-12-26T15:54:29.341409,localhost:50052,1,SUCCESS,5.00,5.00,False,0,0.00,
148,2025-12-26T15:54:29.443773,2025-12-26T15:54:29.453270,localhost:50051,1,SUCCESS,9.50,9.50,False,0,0.00,
149,2025-12-26T15:54:29.551462,2025-12-26T15:54:29.556464,localhost:50052,1,SUCCESS,5.00,5.00,False,0,0.00,
150,2025-12-26T15:54:29.661476,2025-12-26T15:54:29.669476,localhost:50051,1,SUCCESS,8.00,8.00,False,0,0.00,
151,2025-12-26T15:54:29.770470,2025-12-26T15:54:29.778331,localhost:50052,1,SUCCESS,7.86,7.86,False,0,0.00,
152,2025-12-26T15:54:29.878711,2025-12-26T15:54:29.886706,localhost:50051,1,SUCCESS,7.99,7.99,False,0,0.00,
153,2025-12-26T15:54:29.987442,2025-12-26T15:54:29.992511,localhost:50052,1,SUCCESS,5.07,5.07,False,0,0.00,
154,2025-12-26T15:54:30.095560,2025-12-26T15:54:30.100562,localhost:50051,1,SUCCESS,5.00,5.00,False,0,0.00,
155,2025-12-26T15:54:30.204996,2025-12-26T15:54:30.213848,localhost:50052,1,SUCCESS,8.85,8.85,False,0,0.00,
156,2025-12-26T15:54:30.314979,2025-12-26T15:54:30.319971,localhost:50051,1,SUCCESS,4.99,4.99,False,0,0.00,
157,2025-12-26T15:54:30.425299,2025-12-26T15:54:30.433336,localhost:50052,1,SUCCESS,8.04,8.04,False,0,0.00,
158,2025-12-26T15:54:30.534118,2025-12-26T15:54:30.542937,localhost:50051,1,SUCCESS,8.82,8.82,False,0,0.00,
159,2025-12-26T15:54:30.640534,2025-12-26T15:54:30.645535,localhost:50052,1,SUCCESS,5.00,5.00,False,0,0.00,
160,2025-12-26T15:54:30.749641,2025-12-26T15:54:30.757856,localhost:50051,1,SUCCESS,8.21,8.21,False,0,0.00,
161,2025-12-26T15:54:30.858588,2025-12-26T15:54:30.867445,localhost:50052,1,SUCCESS,8.86,8.86,False,0,0.00,
162,2025-12-26T15:54:30.965949,2025-12-26T15:54:30.970950,localhost:50051,1,SUCCESS,5.00,5.00,False,0,0.00,
163,2025-12-26T15:54:31.073468,2025-12-26T15:54:31.080467,localhost:50052,1,SUCCESS,7.00,7.00,False,0,0.00,
164,2025-12-26T15:54:31.182196,2025-12-26T15:54:31.187204,localhost:50051,1,SUCCESS,5.01,5.01,False,0,0.00,
165,2025-12-26T15:54:31.292626,2025-12-26T15:54:31.301490,localhost:50052,1,SUCCESS,8.86,8.86,False,0,0.00,
166,2025-12-26T15:54:31.401076,2025-12-26T15:54:31.407065,localhost:50051,1,SUCCESS,5.99,5.99,False,0,0.00,
167,2025-12-26T15:54:31.510435,2025-12-26T15:54:31.518436,localhost:50052,1,SUCCESS,8.00,8.00,False,0,0.00,
168,2025-12-26T15:54:31.619523,2025-12-26T15:54:31.627390,localhost:50051,1,SUCCESS,7.87,7.87,False,0,0.00,
169,2025-12-26T15:54:31.729094,2025-12-26T15:54:31.735002,localhost:50052,1,SUCCESS,5.91,5.91,False,0,0.00,
170,2025-12-26T15:54:31.838575,2025-12-26T15:54:31.843578,localhost:50051,1,SUCCESS,5.00,5.00,False,0,0.00,
171,2025-12-26T15:54:31.946838,2025-12-26T15:54:31.954321,localhost:50052,1,SUCCESS,7.48,7.48,False,0,0.00,
172,2025-12-26T15:54:32.056702,2025-12-26T15:54:32.064536,localhost:50051,1,SUCCESS,7.83,7.83,False,0,0.00,
173,2025-12-26T15:54:32.166917,2025-12-26T15:54:32.174791,localhost:50052,1,SUCCESS,7.87,7.87,False,0,0.00,
174,2025-12-26T15:54:32.276039,2025-12-26T15:54:32.282018,localhost:50051,1,SUCCESS,5.98,5.98,False,0,0.00,
175,2025-12-26T15:54:32.386559,2025-12-26T15:54:32.391561,localhost:50052,1,SUCCESS,5.00,5.00,False,0,0.00,
176,2025-12-26T15:54:32.493340,2025-12-26T15:54:32.503261,localhost:50051,1,SUCCESS,9.92,9.92,False,0,0.00,
177,2025-12-26T15:54:32.603149,2025-12-26T15:54:32.613207,localhost:50052,1,SUCCESS,10.06,10.06,False,0,0.00,
178,2025-12-26T15:54:32.711949,2025-12-26T15:54:32.720012,localhost:50051,1,SUCCESS,8.06,8.06,False,0,0.00,
179,2025-12-26T15:54:32.822222,2025-12-26T15:54:32.827219,localhost:50052,1,SUCCESS,5.00,5.00,False,0,0.00,
180,2025-12-26T15:54:32.929797,2025-12-26T15:54:32.936782,localhost:50051,1,SUCCESS,6.98,6.98,False,0,0.00,
181,2025-12-26T15:54:33.040685,2025-12-26T15:54:33.045658,localhost:50052,1,SUCCESS,4.97,4.97,False,0,0.00,
182,2025-12-26T15:54:33.151309,2025-12-26T15:54:33.159624,localhost:50051,1,SUCCESS,8.31,8.31,False,0,0.00,
183,2025-12-26T15:54:33.261210,2025-12-26T15:54:33.269049,localhost:50052,1,SUCCESS,7.84,7.84,False,0,0.00,
184,2025-12-26T15:54:33.368611,2025-12-26T15:54:33.378489,localhost:50051,1,SUCCESS,9.88,9.88,False,0,0.00,
185,2025-12-26T15:54:33.478973,2025-12-26T15:54:33.486989,localhost:50052,1,SUCCESS,8.02,8.02,False,0,0.00,
186,2025-12-26T15:54:33.590545,2025-12-26T15:54:33.596563,localhost:50051,1,SUCCESS,6.02,6.02,False,0,0.00,
187,2025-12-26T15:54:33.699858,2025-12-26T15:54:33.709695,localhost:50052,1,SUCCESS,9.84,9.84,False,0,0.00,
188,2025-12-26T15:54:33.812196,2025-12-26T15:54:33.819212,localhost:50051,1,SUCCESS,7.02,7.02,False,0,0.00,
189,2025-12-26T15:54:33.922275,2025-12-26T15:54:33.929278,localhost:50052,1,SUCCESS,7.00,7.00,False,0,0.00,
190,2025-12-26T15:54:34.030174,2025-12-26T15:54:34.037132,localhost:50051,1,SUCCESS,6.96,6.96,False,0,0.00,
191,2025-12-26T15:54:34.140188,2025-12-26T15:54:34.147194,localhost:50052,1,SUCCESS,7.01,7.01,False,0,0.00,
192,2025-12-26T15:54:34.250629,2025-12-26T15:54:34.255660,localhost:50051,1,SUCCESS,5.03,5.03,False,0,0.00,
193,2025-12-26T15:54:34.361480,2025-12-26T15:54:34.368481,localhost:50052,1,SUCCESS,7.00,7.00,False,0,0.00,
194,2025-12-26T15:54:34.471676,2025-12-26T15:54:34.478189,localhost:50051,1,SUCCESS,6.51,6.51,False,0,0.00,
195,2025-12-26T15:54:34.582307,2025-12-26T15:54:34.590824,localhost:50052,1,SUCCESS,8.52,8.52,False,0,0.00,
196,2025-12-26T15:54:34.692948,2025-12-26T15:54:34.700469,localhost:50051,1,SUCCESS,7.52,7.52,False,0,0.00,
197,2025-12-26T15:54:34.802620,2025-12-26T15:54:34.808100,localhost:50052,1,SUCCESS,5.48,5.48,False,0,0.00,
198,2025-12-26T15:54:34.911941,2025-12-26T15:54:34.917464,localhost:50051,1,SUCCESS,5.52,5.52,False,0,0.00,
199,2025-12-26T15:54:35.018987,2025-12-26T15:54:35.023986,localhost:50052,1,SUCCESS,5.00,5.00,False,0,0.00,
200,2025-12-26T15:54:35.127724,2025-12-26T15:54:35.132724,localhost:50051,1,SUCCESS,5.00,5.00,False,0,0.00,
201,2025-12-26T15:54:35.236828,2025-12-26T15:54:35.241827,localhost:50052,1,SUCCESS,5.00,5.00,False,0,0.00,
202,2025-12-26T15:54:35.347215,2025-12-26T15:54:35.355874,localhost:50051,1,SUCCESS,8.66,8.66,False,0,0.00,
203,2025-12-26T15:54:35.455859,2025-12-26T15:54:35.463883,localhost:50052,1,SUCCESS,8.02,8.02,False,0,0.00,
204,2025-12-26T15:54:35.564564,2025-12-26T15:54:35.572031,localhost:50051,1,SUCCESS,7.47,7.47,False,0,0.00,
205,2025-12-26T15:54:35.674485,2025-12-26T15:54:35.682523,localhost:50052,1,SUCCESS,8.04,8.04,False,0,0.00,
206,2025-12-26T15:54:35.783226,2025-12-26T15:54:35.791844,localhost:50051,1,SUCCESS,8.62,8.62,False,0,0.00,
207,2025-12-26T15:54:35.891984,2025-12-26T15:54:35.900366,localhost:50052,1,SUCCESS,8.38,8.38,False,0,0.00,
208,2025-12-26T15:54:36.001324,2025-12-26T15:54:36.010484,localhost:50051,1,SUCCESS,9.16,9.16,False,0,0.00,
209,2025-12-26T15:54:36.111799,2025-12-26T15:54:36.116355,localhost:50052,1,SUCCESS,4.56,4.56,False,0,0.00,
210,2025-12-26T15:54:36.220355,2025-12-26T15:54:36.227917,localhost:50051,1,SUCCESS,7.56,7.56,False,0,0.00,
211,2025-12-26T15:54:36.329583,2025-12-26T15:54:36.337911,localhost:50052,1,SUCCESS,8.33,8.33,False,0,0.00,
212,2025-12-26T15:54:36.438753,2025-12-26T15:54:36.445257,localhost:50051,1,SUCCESS,6.50,6.50,False,0,0.00,
213,2025-12-26T15:54:36.548583,2025-12-26T15:54:36.557966,localhost:50052,1,SUCCESS,9.38,9.38,False,0,0.00,
214,2025-12-26T15:54:36.655672,2025-12-26T15:54:36.664263,localhost:50051,1,SUCCESS,8.59,8.59,False,0,0.00,
215,2025-12-26T15:54:36.763152,2025-12-26T15:54:36.770696,localhost:50052,1,SUCCESS,7.54,7.54,False,0,0.00,
216,2025-12-26T15:54:36.872453,2025-12-26T15:54:36.876892,localhost:50051,1,SUCCESS,4.44,4.44,False,0,0.00,
217,2025-12-26T15:54:36.982919,2025-12-26T15:54:36.990397,localhost:50052,1,SUCCESS,7.48,7.48,False,0,0.00,
218,2025-12-26T15:54:37.091358,2025-12-26T15:54:37.099772,localhost:50051,1,SUCCESS,8.41,8.41,False,0,0.00,
219,2025-12-26T15:54:37.198685,2025-12-26T15:54:37.205685,localhost:50052,1,SUCCESS,7.00,7.00,False,0,0.00,
220,2025-12-26T15:54:37.306903,2025-12-26T15:54:37.312904,localhost:50051,1,SUCCESS,6.00,6.00,False,0,0.00,
221,2025-12-26T15:54:37.415688,2025-12-26T15:54:37.421154,localhost:50052,1,SUCCESS,5.47,5.47,False,0,0.00,
222,2025-12-26T15:54:37.525614,2025-12-26T15:54:37.532891,localhost:50051,1,SUCCESS,7.28,7.28,False,0,0.00,
223,2025-12-26T15:54:37.634107,2025-12-26T15:54:37.642636,localhost:50052,1,SUCCESS,8.53,8.53,False,0,0.00,
224,2025-12-26T15:54:37.741544,2025-12-26T15:54:37.749009,localhost:50051,1,SUCCESS,7.46,7.46,False,0,0.00,
225,2025-12-26T15:54:37.850858,2025-12-26T15:54:37.858973,localhost:50052,1,SUCCESS,8.12,8.12,False,0,0.00,
226,2025-12-26T15:54:37.958806,2025-12-26T15:54:37.966432,localhost:50051,1,SUCCESS,7.63,7.63,False,0,0.00,
227,2025-12-26T15:54:38.067798,2025-12-26T15:54:38.072800,localhost:50052,1,SUCCESS,5.00,5.00,False,0,0.00,
228,2025-12-26T15:54:38.176459,2025-12-26T15:54:38.184375,localhost:50051,1,SUCCESS,7.92,7.92,False,0,0.00,
229,2025-12-26T15:54:38.286878,2025-12-26T15:54:38.293840,localhost:50052,1,SUCCESS,6.96,6.96,False,0,0.00,
230,2025-12-26T15:54:38.396661,2025-12-26T15:54:38.404055,localhost:50051,1,SUCCESS,7.39,7.39,False,0,0.00,
231,2025-12-26T15:54:38.504656,2025-12-26T15:54:38.513010,localhost:50052,1,SUCCESS,8.35,8.35,False,0,0.00,
232,2025-12-26T15:54:38.613609,2025-12-26T15:54:38.619049,localhost:50051,1,SUCCESS,5.44,5.44,False,0,0.00,
233,2025-12-26T15:54:38.721892,2025-12-26T15:54:38.727422,localhost:50052,1,SUCCESS,5.53,5.53,False,0,0.00,
234,2025-12-26T15:54:38.831271,2025-12-26T15:54:38.836740,localhost:50051,1,SUCCESS,5.47,5.47,False,0,0.00,
235,2025-12-26T15:54:38.941359,2025-12-26T15:54:38.949711,localhost:50052,1,SUCCESS,8.35,8.35,False,0,0.00,
236,2025-12-26T15:54:39.049928,2025-12-26T15:54:39.055469,localhost:50051,1,SUCCESS,5.54,5.54,False,0,0.00,
237,2025-12-26T15:54:39.156679,2025-12-26T15:54:39.162653,localhost:50052,1,SUCCESS,5.97,5.97,False,0,0.00,
238,2025-12-26T15:54:39.263598,2025-12-26T15:54:39.268632,localhost:50051,1,SUCCESS,5.03,5.03,False,0,0.00,
239,2025-12-26T15:54:39.371133,2025-12-26T15:54:39.379540,localhost:50052,1,SUCCESS,8.41,8.41,False,0,0.00,
240,2025-12-26T15:54:39.478635,2025-12-26T15:54:39.485512,localhost:50051,1,SUCCESS,6.88,6.88,False,0,0.00,
241,2025-12-26T15:54:39.589860,2025-12-26T15:54:39.595390,localhost:50052,1,SUCCESS,5.53,5.53,False,0,0.00,
242,2025-12-26T15:54:39.699964,2025-12-26T15:54:39.707594,localhost:50051,1,SUCCESS,7.63,7.63,False,0,0.00,
243,2025-12-26T15:54:39.808904,2025-12-26T15:54:39.818305,localhost:50052,1,SUCCESS,9.40,9.40,False,0,0.00,
244,2025-12-26T15:54:39.916875,2025-12-26T15:54:39.925403,localhost:50051,1,SUCCESS,8.53,8.53,False,0,0.00,
245,2025-12-26T15:54:40.026923,2025-12-26T15:54:40.033933,localhost:50052,1,SUCCESS,7.01,7.01,False,0,0.00,
246,2025-12-26T15:54:40.135520,2025-12-26T15:54:40.143770,localhost:50051,1,SUCCESS,8.25,8.25,False,0,0.00,
247,2025-12-26T15:54:40.244622,2025-12-26T15:54:40.249820,localhost:50052,1,SUCCESS,5.20,5.20,False,0,0.00,
248,2025-12-26T15:54:40.352734,2025-12-26T15:54:40.361148,localhost:50051,1,SUCCESS,8.41,8.41,False,0,0.00,
249,2025-12-26T15:54:40.460133,2025-12-26T15:54:40.467662,localhost:50052,1,SUCCESS,7.53,7.53,False,0,0.00,
250,2025-12-26T15:54:40.568349,2025-12-26T15:54:40.573734,localhost:50051,1,SUCCESS,5.38,5.38,False,0,0.00,
251,2025-12-26T15:54:40.676651,2025-12-26T15:54:40.681780,localhost:50052,1,SUCCESS,5.13,5.13,False,0,0.00,
252,2025-12-26T15:54:40.785700,2025-12-26T15:54:40.793769,localhost:50051,1,SUCCESS,8.07,8.07,False,0,0.00,
253,2025-12-26T15:54:40.894411,2025-12-26T15:54:40.904528,localhost:50052,1,SUCCESS,10.12,10.12,False,0,0.00,
254,2025-12-26T15:54:41.002769,2025-12-26T15:54:41.010743,localhost:50051,1,SUCCESS,7.97,7.97,False,0,0.00,
255,2025-12-26T15:54:41.109958,2025-12-26T15:54:41.118796,localhost:50052,1,SUCCESS,8.84,8.84,False,0,0.00,
256,2025-12-26T15:54:41.217886,2025-12-26T15:54:41.226317,localhost:50051,1,SUCCESS,8.43,8.43,False,0,0.00,
257,2025-12-26T15:54:41.325870,2025-12-26T15:54:41.335521,localhost:50052,1,SUCCESS,9.65,9.65,False,0,0.00,
258,2025-12-26T15:54:41.433639,2025-12-26T15:54:41.441683,localhost:50051,1,SUCCESS,8.04,8.04,False,0,0.00,
259,2025-12-26T15:54:41.542333,2025-12-26T15:54:41.551091,localhost:50052,1,SUCCESS,8.76,8.76,False,0,0.00,
260,2025-12-26T15:54:41.651787,2025-12-26T15:54:41.657352,localhost:50051,1,SUCCESS,5.57,5.57,False,0,0.00,
261,2025-12-26T15:54:41.760929,2025-12-26T15:54:41.766389,localhost:50052,1,SUCCESS,5.46,5.46,False,0,0.00,
262,2025-12-26T15:54:41.872482,2025-12-26T15:54:41.879883,localhost:50051,1,SUCCESS,7.40,7.40,False,0,0.00,
263,2025-12-26T15:54:41.981791,2025-12-26T15:54:41.987316,localhost:50052,1,SUCCESS,5.52,5.52,False,0,0.00,
264,2025-12-26T15:54:42.089819,2025-12-26T15:54:42.095327,localhost:50051,1,SUCCESS,5.51,5.51,False,0,0.00,
265,2025-12-26T15:54:42.197697,2025-12-26T15:54:42.205249,localhost:50052,1,SUCCESS,7.55,7.55,False,0,0.00,
266,2025-12-26T15:54:42.307428,2025-12-26T15:54:42.315978,localhost:50051,1,SUCCESS,8.55,8.55,False,0,0.00,
267,2025-12-26T15:54:42.417659,2025-12-26T15:54:42.422675,localhost:50052,1,SUCCESS,5.02,5.02,False,0,0.00,
268,2025-12-26T15:54:42.526659,2025-12-26T15:54:42.531874,localhost:50051,1,SUCCESS,5.21,5.21,False,0,0.00,
269,2025-12-26T15:54:42.635427,2025-12-26T15:54:42.643458,localhost:50052,1,SUCCESS,8.03,8.03,False,0,0.00,
270,2025-12-26T15:54:42.744222,2025-12-26T15:54:42.753544,localhost:50051,1,SUCCESS,9.32,9.32,False,0,0.00,
271,2025-12-26T15:54:42.852246,2025-12-26T15:54:42.859656,localhost:50052,1,SUCCESS,7.41,7.41,False,0,0.00,
272,2025-12-26T15:54:42.962596,2025-12-26T15:54:42.969008,localhost:50051,1,SUCCESS,6.41,6.41,False,0,0.00,
273,2025-12-26T15:54:43.070722,2025-12-26T15:54:43.078563,localhost:50052,1,SUCCESS,7.84,7.84,False,0,0.00,
274,2025-12-26T15:54:43.178752,2025-12-26T15:54:43.189317,localhost:50051,1,SUCCESS,10.57,10.57,False,0,0.00,
275,2025-12-26T15:54:43.286660,2025-12-26T15:54:43.294675,localhost:50052,1,SUCCESS,8.01,8.01,False,0,0.00,
276,2025-12-26T15:54:43.393860,2025-12-26T15:54:43.402377,localhost:50051,1,SUCCESS,8.52,8.52,False,0,0.00,
277,2025-12-26T15:54:43.503805,2025-12-26T15:54:43.512335,localhost:50052,1,SUCCESS,8.53,8.53,False,0,0.00,
278,2025-12-26T15:54:43.612749,2025-12-26T15:54:43.617271,localhost:50051,1,SUCCESS,4.52,4.52,False,0,0.00,
279,2025-12-26T15:54:43.723484,2025-12-26T15:54:43.731665,localhost:50052,1,SUCCESS,8.18,8.18,False,0,0.00,
280,2025-12-26T15:54:43.831974,2025-12-26T15:54:43.840392,localhost:50051,1,SUCCESS,8.42,8.42,False,0,0.00,
281,2025-12-26T15:54:43.939205,2025-12-26T15:54:43.947749,localhost:50052,1,SUCCESS,8.54,8.54,False,0,0.00,
282,2025-12-26T15:54:44.049063,2025-12-26T15:54:44.054063,localhost:50051,1,SUCCESS,5.00,5.00,False,0,0.00,
283,2025-12-26T15:54:44.157871,2025-12-26T15:54:44.166426,localhost:50052,1,SUCCESS,8.55,8.55,False,0,0.00,
284,2025-12-26T15:54:44.267338,2025-12-26T15:54:44.272343,localhost:50051,1,SUCCESS,5.00,5.00,False,0,0.00,
285,2025-12-26T15:54:44.376450,2025-12-26T15:54:44.381450,localhost:50052,1,SUCCESS,5.00,5.00,False,0,0.00,
286,2025-12-26T15:54:44.485313,2025-12-26T15:54:44.493125,localhost:50051,1,SUCCESS,7.81,7.81,False,0,0.00,
287,2025-12-26T15:54:44.593163,2025-12-26T15:54:44.600699,localhost:50052,1,SUCCESS,7.54,7.54,False,0,0.00,
288,2025-12-26T15:54:44.703767,2025-12-26T15:54:44.713347,localhost:50051,1,SUCCESS,9.58,9.58,False,0,0.00,
289,2025-12-26T15:54:44.811060,2025-12-26T15:54:44.820449,localhost:50052,1,SUCCESS,9.39,9.39,False,0,0.00,
290,2025-12-26T15:54:44.919652,2025-12-26T15:54:44.928078,localhost:50051,1,SUCCESS,8.43,8.43,False,0,0.00,
291,2025-12-26T15:54:45.029276,2025-12-26T15:54:45.038109,localhost:50052,1,SUCCESS,8.83,8.83,False,0,0.00,
292,2025-12-26T15:54:45.138663,2025-12-26T15:54:45.143577,localhost:50051,1,SUCCESS,4.91,4.91,False,0,0.00,
293,2025-12-26T15:54:45.249189,2025-12-26T15:54:45.255332,localhost:50052,1,SUCCESS,6.14,6.14,False,0,0.00,
294,2025-12-26T15:54:45.358188,2025-12-26T15:54:45.366577,localhost:50051,1,SUCCESS,8.39,8.39,False,0,0.00,
295,2025-12-26T15:54:45.467241,2025-12-26T15:54:45.475797,localhost:50052,1,SUCCESS,8.56,8.56,False,0,0.00,
296,2025-12-26T15:54:45.576070,2025-12-26T15:54:45.581914,localhost:50051,1,SUCCESS,5.84,5.84,False,0,0.00,
297,2025-12-26T15:54:45.683922,2025-12-26T15:54:45.691708,localhost:50052,1,SUCCESS,7.79,7.79,False,0,0.00,
298,2025-12-26T15:54:45.792008,2025-12-26T15:54:45.801816,localhost:50051,1,SUCCESS,9.81,9.81,False,0,0.00,
299,2025-12-26T15:54:45.900924,2025-12-26T15:54:45.909399,localhost:50052,1,SUCCESS,8.47,8.47,False,0,0.00,
300,2025-12-26T15:54:46.009030,2025-12-26T15:54:46.018023,localhost:50051,1,SUCCESS,8.99,8.99,False,0,0.00,
301,2025-12-26T15:54:46.119014,2025-12-26T15:54:46.124028,localhost:50052,1,SUCCESS,5.01,5.01,False,0,0.00,
302,2025-12-26T15:54:46.230593,2025-12-26T15:54:46.235606,localhost:50051,1,SUCCESS,5.01,5.01,False,0,0.00,
303,2025-12-26T15:54:46.338902,2025-12-26T15:54:46.346805,localhost:50052,1,SUCCESS,7.90,7.90,False,0,0.00,
304,2025-12-26T15:54:46.448221,2025-12-26T15:54:46.454123,localhost:50051,1,SUCCESS,5.90,5.90,False,0,0.00,
305,2025-12-26T15:54:46.559731,2025-12-26T15:54:46.565724,localhost:50052,1,SUCCESS,5.99,5.99,False,0,0.00,
306,2025-12-26T15:54:46.668015,2025-12-26T15:54:46.676017,localhost:50051,1,SUCCESS,8.00,8.00,False,0,0.00,
307,2025-12-26T15:54:46.778632,2025-12-26T15:54:46.786660,localhost:50052,1,SUCCESS,8.03,8.03,False,0,0.00,
308,2025-12-26T15:54:46.889833,2025-12-26T15:54:46.896832,localhost:50051,1,SUCCESS,7.00,7.00,False,0,0.00,
309,2025-12-26T15:54:47.000273,2025-12-26T15:54:47.006273,localhost:50052,1,SUCCESS,6.00,6.00,False,0,0.00,
310,2025-12-26T15:54:47.111118,2025-12-26T15:54:47.117310,localhost:50051,1,SUCCESS,6.19,6.19,False,0,0.00,
311,2025-12-26T15:54:47.219685,2025-12-26T15:54:47.229596,localhost:50052,1,SUCCESS,9.91,9.91,False,0,0.00,
312,2025-12-26T15:54:47.327663,2025-12-26T15:54:47.335790,localhost:50051,1,SUCCESS,8.13,8.13,False,0,0.00,
313,2025-12-26T15:54:47.438384,2025-12-26T15:54:47.445384,localhost:50052,1,SUCCESS,7.00,7.00,False,0,0.00,
314,2025-12-26T15:54:47.546585,2025-12-26T15:54:47.555481,localhost:50051,1,SUCCESS,8.90,8.90,False,0,0.00,
315,2025-12-26T15:54:47.655801,2025-12-26T15:54:47.664825,localhost:50052,1,SUCCESS,9.02,9.02,False,0,0.00,
316,2025-12-26T15:54:47.764344,2025-12-26T15:54:47.774261,localhost:50051,1,SUCCESS,9.92,9.92,False,0,0.00,
317,2025-12-26T15:54:47.872452,2025-12-26T15:54:47.880358,localhost:50052,1,SUCCESS,7.91,7.91,False,0,0.00,
318,2025-12-26T15:54:47.982168,2025-12-26T15:54:47.991249,localhost:50051,1,SUCCESS,9.08,9.08,False,0,0.00,
319,2025-12-26T15:54:48.091874,2025-12-26T15:54:48.096891,localhost:50052,1,SUCCESS,5.02,5.02,False,0,0.00,
320,2025-12-26T15:54:48.201485,2025-12-26T15:54:48.210389,localhost:50051,1,SUCCESS,8.90,8.90,False,0,0.00,
321,2025-12-26T15:54:48.308881,2025-12-26T15:54:48.316740,localhost:50052,1,SUCCESS,7.86,7.86,False,0,0.00,
322,2025-12-26T15:54:48.419432,2025-12-26T15:54:48.427280,localhost:50051,1,SUCCESS,7.85,7.85,False,0,0.00,
323,2025-12-26T15:54:48.528094,2025-12-26T15:54:48.537053,localhost:50052,1,SUCCESS,8.96,8.96,False,0,0.00,
324,2025-12-26T15:54:48.636139,2025-12-26T15:54:48.646000,localhost:50051,1,SUCCESS,9.86,9.86,False,0,0.00,
325,2025-12-26T15:54:48.745281,2025-12-26T15:54:48.754158,localhost:50052,1,SUCCESS,8.88,8.88,False,0,0.00,
326,2025-12-26T15:54:48.854828,2025-12-26T15:54:48.860750,localhost:50051,1,SUCCESS,5.92,5.92,False,0,0.00,
327,2025-12-26T15:54:48.964635,2025-12-26T15:54:48.972693,localhost:50052,1,SUCCESS,8.06,8.06,False,0,0.00,
328,2025-12-26T15:54:49.072503,2025-12-26T15:54:49.080504,localhost:50051,1,SUCCESS,8.00,8.00,False,0,0.00,
329,2025-12-26T15:54:49.181512,2025-12-26T15:54:49.189705,localhost:50052,1,SUCCESS,8.19,8.19,False,0,0.00,
330,2025-12-26T15:54:49.290099,2025-12-26T15:54:49.299170,localhost:50051,1,SUCCESS,9.07,9.07,False,0,0.00,
331,2025-12-26T15:54:49.399663,2025-12-26T15:54:49.404665,localhost:50052,1,SUCCESS,5.00,5.00,False,0,0.00,
332,2025-12-26T15:54:49.510260,2025-12-26T15:54:49.515264,localhost:50051,1,SUCCESS,5.00,5.00,False,0,0.00,
333,2025-12-26T15:54:49.619793,2025-12-26T15:54:49.624787,localhost:50052,1,SUCCESS,4.99,4.99,False,0,0.00,
334,2025-12-26T15:54:49.728300,2025-12-26T15:54:49.733301,localhost:50051,1,SUCCESS,5.00,5.00,False,0,0.00,
335,2025-12-26T15:54:49.838547,2025-12-26T15:54:49.848534,localhost:50052,1,SUCCESS,9.99,9.99,False,0,0.00,
336,2025-12-26T15:54:49.946480,2025-12-26T15:54:49.954476,localhost:50051,1,SUCCESS,8.00,8.00,False,0,0.00,
337,2025-12-26T15:54:50.054341,2025-12-26T15:54:50.062237,localhost:50052,1,SUCCESS,7.90,7.90,False,0,0.00,
338,2025-12-26T15:54:50.162689,2025-12-26T15:54:50.171543,localhost:50051,1,SUCCESS,8.85,8.85,False,0,0.00,
339,2025-12-26T15:54:50.272398,2025-12-26T15:54:50.280419,localhost:50052,1,SUCCESS,8.02,8.02,False,0,0.00,
340,2025-12-26T15:54:50.380363,2025-12-26T15:54:50.388462,localhost:50051,1,SUCCESS,8.10,8.10,False,0,0.00,
341,2025-12-26T15:54:50.489819,2025-12-26T15:54:50.498778,localhost:50052,1,SUCCESS,8.96,8.96,False,0,0.00,
342,2025-12-26T15:54:50.599537,2025-12-26T15:54:50.604541,localhost:50051,1,SUCCESS,5.00,5.00,False,0,0.00,
343,2025-12-26T15:54:50.709734,2025-12-26T15:54:50.715734,localhost:50052,1,SUCCESS,6.00,6.00,False,0,0.00,
344,2025-12-26T15:54:50.821571,2025-12-26T15:54:50.828432,localhost:50051,1,SUCCESS,6.86,6.86,False,0,0.00,
345,2025-12-26T15:54:50.929359,2025-12-26T15:54:50.937377,localhost:50052,1,SUCCESS,8.02,8.02,False,0,0.00,
346,2025-12-26T15:54:51.038564,2025-12-26T15:54:51.046665,localhost:50051,1,SUCCESS,8.10,8.10,False,0,0.00,
347,2025-12-26T15:54:51.147337,2025-12-26T15:54:51.155404,localhost:50052,1,SUCCESS,8.07,8.07,False,0,0.00,
348,2025-12-26T15:54:51.256576,2025-12-26T15:54:51.266674,localhost:50051,1,SUCCESS,10.10,10.10,False,0,0.00,
349,2025-12-26T15:54:51.364232,2025-12-26T15:54:51.373167,localhost:50052,1,SUCCESS,8.93,8.93,False,0,0.00,
350,2025-12-26T15:54:51.471458,2025-12-26T15:54:51.480394,localhost:50051,1,SUCCESS,8.94,8.94,False,0,0.00,
351,2025-12-26T15:54:51.581194,2025-12-26T15:54:51.589158,localhost:50052,1,SUCCESS,7.96,7.96,False,0,0.00,
352,2025-12-26T15:54:51.691853,2025-12-26T15:54:51.696884,localhost:50051,1,SUCCESS,5.03,5.03,False,0,0.00,
353,2025-12-26T15:54:51.802545,2025-12-26T15:54:51.808597,localhost:50052,1,SUCCESS,6.05,6.05,False,0,0.00,
354,2025-12-26T15:54:51.911193,2025-12-26T15:54:51.919311,localhost:50051,1,SUCCESS,8.12,8.12,False,0,0.00,
355,2025-12-26T15:54:52.019421,2025-12-26T15:54:52.025312,localhost:50052,1,SUCCESS,5.89,5.89,False,0,0.00,
356,2025-12-26T15:54:52.129262,2025-12-26T15:54:52.133651,localhost:50051,1,SUCCESS,4.39,4.39,False,0,0.00,
357,2025-12-26T15:54:52.237737,2025-12-26T15:54:52.245753,localhost:50052,1,SUCCESS,8.02,8.02,False,0,0.00,
358,2025-12-26T15:54:52.345480,2025-12-26T15:54:52.354305,localhost:50051,1,SUCCESS,8.82,8.82,False,0,0.00,
359,2025-12-26T15:54:52.456446,2025-12-26T15:54:52.461447,localhost:50052,1,SUCCESS,5.00,5.00,False,0,0.00,
360,2025-12-26T15:54:52.566461,2025-12-26T15:54:52.574345,localhost:50051,1,SUCCESS,7.88,7.88,False,0,0.00,
361,2025-12-26T15:54:52.674330,2025-12-26T15:54:52.682381,localhost:50052,1,SUCCESS,8.05,8.05,False,0,0.00,
362,2025-12-26T15:54:52.782853,2025-12-26T15:54:52.790769,localhost:50051,1,SUCCESS,7.92,7.92,False,0,0.00,
363,2025-12-26T15:54:52.892548,2025-12-26T15:54:52.898062,localhost:50052,1,SUCCESS,5.51,5.51,False,0,0.00,
364,2025-12-26T15:54:53.003559,2025-12-26T15:54:53.008562,localhost:50051,1,SUCCESS,5.00,5.00,False,0,0.00,
365,2025-12-26T15:54:53.113133,2025-12-26T15:54:53.121197,localhost:50052,1,SUCCESS,8.06,8.06,False,0,0.00,
366,2025-12-26T15:54:53.221573,2025-12-26T15:54:53.229670,localhost:50051,1,SUCCESS,8.10,8.10,False,0,0.00,
367,2025-12-26T15:54:53.329489,2025-12-26T15:54:53.337384,localhost:50052,1,SUCCESS,7.89,7.89,False,0,0.00,
368,2025-12-26T15:54:53.437863,2025-12-26T15:54:53.446329,localhost:50051,1,SUCCESS,8.47,8.47,False,0,0.00,
369,2025-12-26T15:54:53.547423,2025-12-26T15:54:53.553425,localhost:50052,1,SUCCESS,6.00,6.00,False,0,0.00,
370,2025-12-26T15:54:53.658390,2025-12-26T15:54:53.666390,localhost:50051,1,SUCCESS,8.00,8.00,False,0,0.00,
371,2025-12-26T15:54:53.766674,2025-12-26T15:54:53.774676,localhost:50052,1,SUCCESS,8.00,8.00,False,0,0.00,
372,2025-12-26T15:54:53.875867,2025-12-26T15:54:53.883821,localhost:50051,1,SUCCESS,7.95,7.95,False,0,0.00,
373,2025-12-26T15:54:53.985133,2025-12-26T15:54:53.993134,localhost:50052,1,SUCCESS,8.00,8.00,False,0,0.00,
374,2025-12-26T15:54:54.092168,2025-12-26T15:54:54.101749,localhost:50051,1,SUCCESS,9.58,9.58,False,0,0.00,
375,2025-12-26T15:54:54.200980,2025-12-26T15:54:54.208985,localhost:50052,1,SUCCESS,8.01,8.01,False,0,0.00,
376,2025-12-26T15:54:54.312558,2025-12-26T15:54:54.317558,localhost:50051,1,SUCCESS,5.00,5.00,False,0,0.00,
377,2025-12-26T15:54:54.420011,2025-12-26T15:54:54.428291,localhost:50052,1,SUCCESS,8.28,8.28,False,0,0.00,
378,2025-12-26T15:54:54.527746,2025-12-26T15:54:54.536598,localhost:50051,1,SUCCESS,8.85,8.85,False,0,0.00,
379,2025-12-26T15:54:54.636826,2025-12-26T15:54:54.643855,localhost:50052,1,SUCCESS,7.03,7.03,False,0,0.00,
380,2025-12-26T15:54:54.745857,2025-12-26T15:54:54.753858,localhost:50051,1,SUCCESS,8.00,8.00,False,0,0.00,
381,2025-12-26T15:54:54.853248,2025-12-26T15:54:54.861184,localhost:50052,1,SUCCESS,7.94,7.94,False,0,0.00,
382,2025-12-26T15:54:54.963479,2025-12-26T15:54:54.971480,localhost:50051,1,SUCCESS,8.00,8.00,False,0,0.00,
383,2025-12-26T15:54:55.072297,2025-12-26T15:54:55.077285,localhost:50052,1,SUCCESS,4.99,4.99,False,0,0.00,
384,2025-12-26T15:54:55.182939,2025-12-26T15:54:55.188834,localhost:50051,1,SUCCESS,5.89,5.89,False,0,0.00,
385,2025-12-26T15:54:55.290274,2025-12-26T15:54:55.299289,localhost:50052,1,SUCCESS,9.02,9.02,False,0,0.00,
386,2025-12-26T15:54:55.398161,2025-12-26T15:54:55.404172,localhost:50051,1,SUCCESS,6.01,6.01,False,0,0.00,
387,2025-12-26T15:54:55.509215,2025-12-26T15:54:55.515219,localhost:50052,1,SUCCESS,6.00,6.00,False,0,0.00,
388,2025-12-26T15:54:55.617773,2025-12-26T15:54:55.626648,localhost:50051,1,SUCCESS,8.87,8.87,False,0,0.00,
389,2025-12-26T15:54:55.726762,2025-12-26T15:54:55.734751,localhost:50052,1,SUCCESS,7.99,7.99,False,0,0.00,
390,2025-12-26T15:54:55.838283,2025-12-26T15:54:55.844286,localhost:50051,1,SUCCESS,6.00,6.00,False,0,0.00,
391,2025-12-26T15:54:55.948387,2025-12-26T15:54:55.953389,localhost:50052,1,SUCCESS,5.00,5.00,False,0,0.00,
392,2025-12-26T15:54:56.056436,2025-12-26T15:54:56.061436,localhost:50051,1,SUCCESS,5.00,5.00,False,0,0.00,
393,2025-12-26T15:54:56.166599,2025-12-26T15:54:56.172599,localhost:50052,1,SUCCESS,6.00,6.00,False,0,0.00,
394,2025-12-26T15:54:56.275899,2025-12-26T15:54:56.281904,localhost:50051,1,SUCCESS,6.01,6.01,False,0,0.00,
395,2025-12-26T15:54:56.387448,2025-12-26T15:54:56.392928,localhost:50052,1,SUCCESS,5.48,5.48,False,0,0.00,
396,2025-12-26T15:54:56.496339,2025-12-26T15:54:56.502341,localhost:50051,1,SUCCESS,6.00,6.00,False,0,0.00,
397,2025-12-26T15:54:56.606588,2025-12-26T15:54:56.613068,localhost:50052,1,SUCCESS,6.48,6.48,False,0,0.00,
398,2025-12-26T15:54:56.715039,2025-12-26T15:54:56.720003,localhost:50051,1,SUCCESS,4.96,4.96,False,0,0.00,
399,2025-12-26T15:54:56.824672,2025-12-26T15:54:56.831674,localhost:50052,1,SUCCESS,7.00,7.00,False,0,0.00,
400,2025-12-26T15:54:56.934875,2025-12-26T15:54:56.940875,localhost:50051,1,SUCCESS,6.00,6.00,False,0,0.00,
401,2025-12-26T15:54:57.043396,2025-12-26T15:54:57.049400,localhost:50052,1,SUCCESS,6.00,6.00,False,0,0.00,
402,2025-12-26T15:54:57.155033,2025-12-26T15:54:57.161036,localhost:50051,1,SUCCESS,6.00,6.00,False,0,0.00,
403,2025-12-26T15:54:57.264655,2025-12-26T15:54:57.270659,localhost:50052,1,SUCCESS,6.00,6.00,False,0,0.00,
404,2025-12-26T15:54:57.373283,2025-12-26T15:54:57.379287,localhost:50051,1,SUCCESS,6.00,6.00,False,0,0.00,
405,2025-12-26T15:54:57.482876,2025-12-26T15:54:57.488878,localhost:50052,1,SUCCESS,6.00,6.00,False,0,0.00,
406,2025-12-26T15:54:57.594407,2025-12-26T15:54:57.600407,localhost:50051,1,SUCCESS,6.00,6.00,False,0,0.00,
407,2025-12-26T15:54:57.705933,2025-12-26T15:54:57.711456,localhost:50052,1,SUCCESS,5.52,5.52,False,0,0.00,
408,2025-12-26T15:54:57.814981,2025-12-26T15:54:57.819977,localhost:50051,1,SUCCESS,5.00,5.00,False,0,0.00,
409,2025-12-26T15:54:57.924555,2025-12-26T15:54:57.929505,localhost:50052,1,SUCCESS,4.95,4.95,False,0,0.00,
410,2025-12-26T15:54:58.035360,2025-12-26T15:54:58.043385,localhost:50051,1,SUCCESS,8.02,8.02,False,0,0.00,
411,2025-12-26T15:54:58.144305,2025-12-26T15:54:58.152260,localhost:50052,1,SUCCESS,7.95,7.95,False,0,0.00,
412,2025-12-26T15:54:58.252741,2025-12-26T15:54:58.261589,localhost:50051,1,SUCCESS,8.85,8.85,False,0,0.00,
413,2025-12-26T15:54:58.363402,2025-12-26T15:54:58.368402,localhost:50052,1,SUCCESS,5.00,5.00,False,0,0.00,
414,2025-12-26T15:54:58.473565,2025-12-26T15:54:58.481586,localhost:50051,1,SUCCESS,8.02,8.02,False,0,0.00,
415,2025-12-26T15:54:58.582905,2025-12-26T15:54:58.591856,localhost:50052,1,SUCCESS,8.95,8.95,False,0,0.00,
416,2025-12-26T15:54:58.691030,2025-12-26T15:54:58.699011,localhost:50051,1,SUCCESS,7.98,7.98,False,0,0.00,
417,2025-12-26T15:54:58.799396,2025-12-26T15:54:58.807392,localhost:50052,1,SUCCESS,8.00,8.00,False,0,0.00,
418,2025-12-26T15:54:58.908946,2025-12-26T15:54:58.915990,localhost:50051,1,SUCCESS,7.04,7.04,False,0,0.00,
419,2025-12-26T15:54:59.016143,2025-12-26T15:54:59.025056,localhost:50052,1,SUCCESS,8.91,8.91,False,0,0.00,
420,2025-12-26T15:54:59.126065,2025-12-26T15:54:59.134062,localhost:50051,1,SUCCESS,8.00,8.00,False,0,0.00,
421,2025-12-26T15:54:59.237090,2025-12-26T15:54:59.242090,localhost:50052,1,SUCCESS,5.00,5.00,False,0,0.00,
422,2025-12-26T15:54:59.346977,2025-12-26T15:54:59.357007,localhost:50051,1,SUCCESS,10.03,10.03,False,0,0.00,
423,2025-12-26T15:54:59.455741,2025-12-26T15:54:59.464723,localhost:50052,1,SUCCESS,8.98,8.98,False,0,0.00,
424,2025-12-26T15:54:59.565537,2025-12-26T15:54:59.573426,localhost:50051,1,SUCCESS,7.89,7.89,False,0,0.00,
425,2025-12-26T15:54:59.674652,2025-12-26T15:54:59.679651,localhost:50052,1,SUCCESS,5.00,5.00,False,0,0.00,
426,2025-12-26T15:54:59.786194,2025-12-26T15:54:59.791193,localhost:50051,1,SUCCESS,5.00,5.00,False,0,0.00,
427,2025-12-26T15:54:59.894721,2025-12-26T15:54:59.900764,localhost:50052,1,SUCCESS,6.04,6.04,False,0,0.00,
428,2025-12-26T15:55:00.004965,2025-12-26T15:55:00.022521,localhost:50051,1,SUCCESS,17.56,17.56,False,0,0.00,
429,2025-12-26T15:55:00.115607,2025-12-26T15:55:00.120614,localhost:50052,1,SUCCESS,5.01,5.01,False,0,0.00,
430,2025-12-26T15:55:00.224418,2025-12-26T15:55:00.232392,localhost:50051,1,SUCCESS,7.97,7.97,False,0,0.00,
431,2025-12-26T15:55:00.332875,2025-12-26T15:55:00.340860,localhost:50052,1,SUCCESS,7.99,7.99,False,0,0.00,
432,2025-12-26T15:55:00.441211,2025-12-26T15:55:00.449228,localhost:50051,1,SUCCESS,8.02,8.02,False,0,0.00,
433,2025-12-26T15:55:00.550164,2025-12-26T15:55:00.558083,localhost:50052,1,SUCCESS,7.92,7.92,False,0,0.00,
434,2025-12-26T15:55:00.657847,2025-12-26T15:55:00.666869,localhost:50051,1,SUCCESS,9.02,9.02,False,0,0.00,
435,2025-12-26T15:55:00.765839,2025-12-26T15:55:00.774744,localhost:50052,1,SUCCESS,8.90,8.90,False,0,0.00,
436,2025-12-26T15:55:00.874120,2025-12-26T15:55:00.881989,localhost:50051,1,SUCCESS,7.87,7.87,False,0,0.00,
437,2025-12-26T15:55:00.984198,2025-12-26T15:55:00.992153,localhost:50052,1,SUCCESS,7.96,7.96,False,0,0.00,
438,2025-12-26T15:55:01.093133,2025-12-26T15:55:01.100169,localhost:50051,1,SUCCESS,7.04,7.04,False,0,0.00,
439,2025-12-26T15:55:01.202854,2025-12-26T15:55:01.207868,localhost:50052,1,SUCCESS,5.01,5.01,False,0,0.00,
440,2025-12-26T15:55:01.314782,2025-12-26T15:55:01.322804,localhost:50051,1,SUCCESS,8.02,8.02,False,0,0.00,
441,2025-12-26T15:55:01.422094,2025-12-26T15:55:01.430095,localhost:50052,1,SUCCESS,8.00,8.00,False,0,0.00,
442,2025-12-26T15:55:01.532759,2025-12-26T15:55:01.537672,localhost:50051,1,SUCCESS,4.91,4.91,False,0,0.00,
443,2025-12-26T15:55:01.641901,2025-12-26T15:55:01.649710,localhost:50052,1,SUCCESS,7.81,7.81,False,0,0.00,
444,2025-12-26T15:55:01.752031,2025-12-26T15:55:01.760132,localhost:50051,1,SUCCESS,8.10,8.10,False,0,0.00,
445,2025-12-26T15:55:01.859266,2025-12-26T15:55:01.864268,localhost:50052,1,SUCCESS,5.00,5.00,False,0,0.00,
446,2025-12-26T15:55:01.966786,2025-12-26T15:55:01.971785,localhost:50051,1,SUCCESS,5.00,5.00,False,0,0.00,
447,2025-12-26T15:55:02.075618,2025-12-26T15:55:02.081617,localhost:50052,1,SUCCESS,6.00,6.00,False,0,0.00,
448,2025-12-26T15:55:02.183683,2025-12-26T15:55:02.192058,localhost:50051,1,SUCCESS,8.37,8.37,False,0,0.00,
449,2025-12-26T15:55:02.291658,2025-12-26T15:55:02.299648,localhost:50052,1,SUCCESS,7.99,7.99,False,0,0.00,
450,2025-12-26T15:55:02.402044,2025-12-26T15:55:02.407056,localhost:50051,1,SUCCESS,5.01,5.01,False,0,0.00,
451,2025-12-26T15:55:02.513491,2025-12-26T15:55:02.519117,localhost:50052,1,SUCCESS,5.63,5.63,False,0,0.00,
452,2025-12-26T15:55:02.620842,2025-12-26T15:55:02.628812,localhost:50051,1,SUCCESS,7.97,7.97,False,0,0.00,
453,2025-12-26T15:55:02.729195,2025-12-26T15:55:02.737036,localhost:50052,1,SUCCESS,7.84,7.84,False,0,0.00,
454,2025-12-26T15:55:02.838799,2025-12-26T15:55:02.846651,localhost:50051,1,SUCCESS,7.85,7.85,False,0,0.00,
455,2025-12-26T15:55:02.947339,2025-12-26T15:55:02.955078,localhost:50052,1,SUCCESS,7.74,7.74,False,0,0.00,
456,2025-12-26T15:55:03.056182,2025-12-26T15:55:03.061180,localhost:50051,1,SUCCESS,5.00,5.00,False,0,0.00,
457,2025-12-26T15:55:03.166709,2025-12-26T15:55:03.171712,localhost:50052,1,SUCCESS,5.00,5.00,False,0,0.00,
458,2025-12-26T15:55:03.273775,2025-12-26T15:55:03.281661,localhost:50051,1,SUCCESS,7.89,7.89,False,0,0.00,
459,2025-12-26T15:55:03.382412,2025-12-26T15:55:03.390414,localhost:50052,1,SUCCESS,8.00,8.00,False,0,0.00,
460,2025-12-26T15:55:03.491728,2025-12-26T15:55:03.502690,localhost:50051,1,SUCCESS,10.96,10.96,False,0,0.00,
461,2025-12-26T15:55:03.600023,2025-12-26T15:55:03.607938,localhost:50052,1,SUCCESS,7.92,7.92,False,0,0.00,
462,2025-12-26T15:55:03.707893,2025-12-26T15:55:03.716854,localhost:50051,1,SUCCESS,8.96,8.96,False,0,0.00,
463,2025-12-26T15:55:03.817132,2025-12-26T15:55:03.822599,localhost:50052,1,SUCCESS,5.47,5.47,False,0,0.00,
464,2025-12-26T15:55:03.925571,2025-12-26T15:55:03.930570,localhost:50051,1,SUCCESS,5.00,5.00,False,0,0.00,
465,2025-12-26T15:55:04.034996,2025-12-26T15:55:04.042997,localhost:50052,1,SUCCESS,8.00,8.00,False,0,0.00,
466,2025-12-26T15:55:04.142948,2025-12-26T15:55:04.150967,localhost:50051,1,SUCCESS,8.02,8.02,False,0,0.00,
467,2025-12-26T15:55:04.251683,2025-12-26T15:55:04.259678,localhost:50052,1,SUCCESS,7.99,7.99,False,0,0.00,
468,2025-12-26T15:55:04.359149,2025-12-26T15:55:04.367116,localhost:50051,1,SUCCESS,7.97,7.97,False,0,0.00,
469,2025-12-26T15:55:04.468610,2025-12-26T15:55:04.476582,localhost:50052,1,SUCCESS,7.97,7.97,False,0,0.00,
470,2025-12-26T15:55:04.577843,2025-12-26T15:55:04.586796,localhost:50051,1,SUCCESS,8.95,8.95,False,0,0.00,
471,2025-12-26T15:55:04.689303,2025-12-26T15:55:04.694302,localhost:50052,1,SUCCESS,5.00,5.00,False,0,0.00,
472,2025-12-26T15:55:04.798046,2025-12-26T15:55:04.808362,localhost:50051,1,SUCCESS,10.32,10.32,False,0,0.00,
473,2025-12-26T15:55:04.906935,2025-12-26T15:55:04.915238,localhost:50052,1,SUCCESS,8.30,8.30,False,0,0.00,
474,2025-12-26T15:55:05.016174,2025-12-26T15:55:05.024514,localhost:50051,1,SUCCESS,8.34,8.34,False,0,0.00,
475,2025-12-26T15:55:05.124208,2025-12-26T15:55:05.132502,localhost:50052,1,SUCCESS,8.29,8.29,False,0,0.00,
476,2025-12-26T15:55:05.232948,2025-12-26T15:55:05.240970,localhost:50051,1,SUCCESS,8.02,8.02,False,0,0.00,
477,2025-12-26T15:55:05.341319,2025-12-26T15:55:05.349217,localhost:50052,1,SUCCESS,7.90,7.90,False,0,0.00,
478,2025-12-26T15:55:05.450212,2025-12-26T15:55:05.457206,localhost:50051,1,SUCCESS,6.99,6.99,False,0,0.00,
479,2025-12-26T15:55:05.560134,2025-12-26T15:55:05.566132,localhost:50052,1,SUCCESS,6.00,6.00,False,0,0.00,
480,2025-12-26T15:55:05.669679,2025-12-26T15:55:05.676901,localhost:50051,1,SUCCESS,7.22,7.22,False,0,0.00,
481,2025-12-26T15:55:05.776970,2025-12-26T15:55:05.785993,localhost:50052,1,SUCCESS,9.02,9.02,False,0,0.00,
482,2025-12-26T15:55:05.885444,2025-12-26T15:55:05.893446,localhost:50051,1,SUCCESS,8.00,8.00,False,0,0.00,
483,2025-12-26T15:55:05.993513,2025-12-26T15:55:06.001552,localhost:50052,1,SUCCESS,8.04,8.04,False,0,0.00,
484,2025-12-26T15:55:06.101608,2025-12-26T15:55:06.109463,localhost:50051,1,SUCCESS,7.85,7.85,False,0,0.00,
485,2025-12-26T15:55:06.210736,2025-12-26T15:55:06.219772,localhost:50052,1,SUCCESS,9.04,9.04,False,0,0.00,
486,2025-12-26T15:55:06.318954,2025-12-26T15:55:06.328828,localhost:50051,1,SUCCESS,9.87,9.87,False,0,0.00,
487,2025-12-26T15:55:06.424638,2025-12-26T15:55:06.432178,localhost:50052,1,SUCCESS,7.54,7.54,False,0,0.00,
488,2025-12-26T15:55:06.533081,2025-12-26T15:55:06.540067,localhost:50051,1,SUCCESS,6.99,6.99,False,0,0.00,
489,2025-12-26T15:55:06.643431,2025-12-26T15:55:06.648432,localhost:50052,1,SUCCESS,5.00,5.00,False,0,0.00,
490,2025-12-26T15:55:06.752708,2025-12-26T15:55:06.760779,localhost:50051,1,SUCCESS,8.07,8.07,False,0,0.00,
491,2025-12-26T15:55:06.863909,2025-12-26T15:55:06.869834,localhost:50052,1,SUCCESS,5.92,5.92,False,0,0.00,
492,2025-12-26T15:55:06.973595,2025-12-26T15:55:06.979571,localhost:50051,1,SUCCESS,5.98,5.98,False,0,0.00,
493,2025-12-26T15:55:07.083923,2025-12-26T15:55:07.088939,localhost:50052,1,SUCCESS,5.02,5.02,False,0,0.00,
494,2025-12-26T15:55:07.193120,2025-12-26T15:55:07.202053,localhost:50051,1,SUCCESS,8.93,8.93,False,0,0.00,
495,2025-12-26T15:55:07.300837,2025-12-26T15:55:07.305834,localhost:50052,1,SUCCESS,5.00,5.00,False,0,0.00,
496,2025-12-26T15:55:07.411972,2025-12-26T15:55:07.417979,localhost:50051,1,SUCCESS,6.01,6.01,False,0,0.00,
497,2025-12-26T15:55:07.522609,2025-12-26T15:55:07.530989,localhost:50052,1,SUCCESS,8.38,8.38,False,0,0.00,
498,2025-12-26T15:55:07.629838,2025-12-26T15:55:07.635160,localhost:50051,1,SUCCESS,5.32,5.32,False,0,0.00,
499,2025-12-26T15:55:07.740472,2025-12-26T15:55:07.748370,localhost:50052,1,SUCCESS,7.90,7.90,False,0,0.00,
500,2025-12-26T15:55:07.849798,2025-12-26T15:55:07.854715,localhost:50051,1,SUCCESS,4.92,4.92,False,0,0.00,
501,2025-12-26T15:55:07.959172,2025-12-26T15:55:07.964181,localhost:50052,1,SUCCESS,5.01,5.01,False,0,0.00,
502,2025-12-26T15:55:08.066764,2025-12-26T15:55:08.072764,localhost:50051,1,SUCCESS,6.00,6.00,False,0,0.00,
503,2025-12-26T15:55:08.175676,2025-12-26T15:55:08.184634,localhost:50052,1,SUCCESS,8.96,8.96,False,0,0.00,
504,2025-12-26T15:55:08.285053,2025-12-26T15:55:08.295049,localhost:50051,1,SUCCESS,10.00,10.00,False,0,0.00,
505,2025-12-26T15:55:08.393433,2025-12-26T15:55:08.398339,localhost:50052,1,SUCCESS,4.91,4.91,False,0,0.00,
506,2025-12-26T15:55:08.502517,2025-12-26T15:55:08.510005,localhost:50051,1,SUCCESS,7.49,7.49,False,0,0.00,
507,2025-12-26T15:55:08.611713,2025-12-26T15:55:08.619767,localhost:50052,1,SUCCESS,8.05,8.05,False,0,0.00,
508,2025-12-26T15:55:08.722546,2025-12-26T15:55:08.727705,localhost:50051,1,SUCCESS,5.16,5.16,False,0,0.00,
509,2025-12-26T15:55:08.832445,2025-12-26T15:55:08.840985,localhost:50052,1,SUCCESS,8.54,8.54,False,0,0.00,
510,2025-12-26T15:55:08.941186,2025-12-26T15:55:08.946191,localhost:50051,1,SUCCESS,5.00,5.00,False,0,0.00,
511,2025-12-26T15:55:09.050701,2025-12-26T15:55:09.055759,localhost:50052,1,SUCCESS,5.06,5.06,False,0,0.00,
512,2025-12-26T15:55:09.159469,2025-12-26T15:55:09.168334,localhost:50051,1,SUCCESS,8.87,8.87,False,0,0.00,
513,2025-12-26T15:55:09.268389,2025-12-26T15:55:09.276408,localhost:50052,1,SUCCESS,8.02,8.02,False,0,0.00,
514,2025-12-26T15:55:09.377032,2025-12-26T15:55:09.385032,localhost:50051,1,SUCCESS,8.00,8.00,False,0,0.00,
515,2025-12-26T15:55:09.486225,2025-12-26T15:55:09.494059,localhost:50052,1,SUCCESS,7.83,7.83,False,0,0.00,
516,2025-12-26T15:55:09.595886,2025-12-26T15:55:09.600888,localhost:50051,1,SUCCESS,5.00,5.00,False,0,0.00,
517,2025-12-26T15:55:09.704569,2025-12-26T15:55:09.710482,localhost:50052,1,SUCCESS,5.91,5.91,False,0,0.00,
518,2025-12-26T15:55:09.812265,2025-12-26T15:55:09.821213,localhost:50051,1,SUCCESS,8.95,8.95,False,0,0.00,
519,2025-12-26T15:55:09.921234,2025-12-26T15:55:09.929219,localhost:50052,1,SUCCESS,7.98,7.98,False,0,0.00,
520,2025-12-26T15:55:10.030961,2025-12-26T15:55:10.038441,localhost:50051,1,SUCCESS,7.48,7.48,False,0,0.00,
521,2025-12-26T15:55:10.140863,2025-12-26T15:55:10.146864,localhost:50052,1,SUCCESS,6.00,6.00,False,0,0.00,
522,2025-12-26T15:55:10.252466,2025-12-26T15:55:10.257470,localhost:50051,1,SUCCESS,5.00,5.00,False,0,0.00,
523,2025-12-26T15:55:10.362782,2025-12-26T15:55:10.367682,localhost:50052,1,SUCCESS,4.90,4.90,False,0,0.00,
524,2025-12-26T15:55:10.472645,2025-12-26T15:55:10.480653,localhost:50051,1,SUCCESS,8.01,8.01,False,0,0.00,
525,2025-12-26T15:55:10.582853,2025-12-26T15:55:10.590838,localhost:50052,1,SUCCESS,7.99,7.99,False,0,0.00,
526,2025-12-26T15:55:10.691399,2025-12-26T15:55:10.699532,localhost:50051,1,SUCCESS,8.13,8.13,False,0,0.00,
527,2025-12-26T15:55:10.799444,2025-12-26T15:55:10.807749,localhost:50052,1,SUCCESS,8.30,8.30,False,0,0.00,
528,2025-12-26T15:55:10.909031,2025-12-26T15:55:10.919816,localhost:50051,1,SUCCESS,10.79,10.79,False,0,0.00,
529,2025-12-26T15:55:11.017214,2025-12-26T15:55:11.025218,localhost:50052,1,SUCCESS,8.00,8.00,False,0,0.00,
530,2025-12-26T15:55:11.126722,2025-12-26T15:55:11.135567,localhost:50051,1,SUCCESS,8.85,8.85,False,0,0.00,
531,2025-12-26T15:55:11.236999,2025-12-26T15:55:11.243044,localhost:50052,1,SUCCESS,6.04,6.04,False,0,0.00,
532,2025-12-26T15:55:11.346561,2025-12-26T15:55:11.351561,localhost:50051,1,SUCCESS,5.00,5.00,False,0,0.00,
533,2025-12-26T15:55:11.453715,2025-12-26T15:55:11.461740,localhost:50052,1,SUCCESS,8.03,8.03,False,0,0.00,
534,2025-12-26T15:55:11.562921,2025-12-26T15:55:11.567936,localhost:50051,1,SUCCESS,5.01,5.01,False,0,0.00,
535,2025-12-26T15:55:11.671591,2025-12-26T15:55:11.677498,localhost:50052,1,SUCCESS,5.91,5.91,False,0,0.00,
536,2025-12-26T15:55:11.781398,2025-12-26T15:55:11.788209,localhost:50051,1,SUCCESS,6.81,6.81,False,0,0.00,
537,2025-12-26T15:55:11.891001,2025-12-26T15:55:11.896000,localhost:50052,1,SUCCESS,5.00,5.00,False,0,0.00,
538,2025-12-26T15:55:11.998555,2025-12-26T15:55:12.003555,localhost:50051,1,SUCCESS,5.00,5.00,False,0,0.00,
539,2025-12-26T15:55:12.109273,2025-12-26T15:55:12.114279,localhost:50052,1,SUCCESS,5.01,5.01,False,0,0.00,
540,2025-12-26T15:55:12.217546,2025-12-26T15:55:12.223542,localhost:50051,1,SUCCESS,6.00,6.00,False,0,0.00,
541,2025-12-26T15:55:12.326293,2025-12-26T15:55:12.334182,localhost:50052,1,SUCCESS,7.89,7.89,False,0,0.00,
542,2025-12-26T15:55:12.434467,2025-12-26T15:55:12.443289,localhost:50051,1,SUCCESS,8.82,8.82,False,0,0.00,
543,2025-12-26T15:55:12.543896,2025-12-26T15:55:12.549955,localhost:50052,1,SUCCESS,6.06,6.06,False,0,0.00,
544,2025-12-26T15:55:12.653507,2025-12-26T15:55:12.661578,localhost:50051,1,SUCCESS,8.07,8.07,False,0,0.00,
545,2025-12-26T15:55:12.762627,2025-12-26T15:55:12.770489,localhost:50052,1,SUCCESS,7.86,7.86,False,0,0.00,
546,2025-12-26T15:55:12.872465,2025-12-26T15:55:12.880347,localhost:50051,1,SUCCESS,7.88,7.88,False,0,0.00,
547,2025-12-26T15:55:12.981666,2025-12-26T15:55:12.989651,localhost:50052,1,SUCCESS,7.98,7.98,False,0,0.00,
548,2025-12-26T15:55:13.089769,2025-12-26T15:55:13.099141,localhost:50051,1,SUCCESS,9.37,9.37,False,0,0.00,
549,2025-12-26T15:55:13.198686,2025-12-26T15:55:13.203688,localhost:50052,1,SUCCESS,5.00,5.00,False,0,0.00,
